{
  "test/features/tables/tables_dao_test.dart": 1777536479.5541844,
  "test/features/tables/occupied_tables_test.dart": 1777536520.7659564,
  "test/features/tables/place_order_with_table_test.dart": 1777536500.5616274,
  "test/features/printing/render_receipt_test.dart": 1778574848.2163987,
  "test/features/cart/place_order_test.dart": 1776877925.7723145,
  "test/features/returns/void_order_test.dart": 1776878112.1522415,
  "test/features/returns/process_return_test.dart": 1776878086.8513815,
  "test/_support/test_db.dart": 1776877041.5268738,
  "lib/main.dart": 1776875837.613819,
  "lib/app.dart": 1777537777.4262502,
  "lib/core/database/app_database.dart": 1778574734.118864,
  "lib/core/database/app_database.g.dart": 1778574826.7357516,
  "lib/core/database/tables/product_variants_table.dart": 1772874392.1247141,
  "lib/core/database/tables/order_items_table.dart": 1772874401.8650796,
  "lib/core/database/tables/products_table.dart": 1776871157.5634367,
  "lib/core/database/tables/tax_groups_table.dart": 1772874358.1197147,
  "lib/core/database/tables/expenses_table.dart": 1772874414.1785924,
  "lib/core/database/tables/tax_rates_table.dart": 1772874356.373924,
  "lib/core/database/tables/order_taxes_table.dart": 1772874404.835032,
  "lib/core/database/tables/orders_table.dart": 1778574713.469568,
  "lib/core/database/tables/customers_table.dart": 1772982610.596692,
  "lib/core/database/tables/audit_log_table.dart": 1772874374.406061,
  "lib/core/database/tables/stock_adjustments_table.dart": 1772874416.4884605,
  "lib/core/database/tables/tax_group_members_table.dart": 1772874360.4598095,
  "lib/core/database/tables/tables_table.dart": 1777535779.5802562,
  "lib/core/database/tables/expense_categories_table.dart": 1772874369.4272788,
  "lib/core/database/tables/order_tax_override_table.dart": 1772874407.971602,
  "lib/core/database/tables/product_components_table.dart": 1776877722.410839,
  "lib/core/database/tables/product_taxes_table.dart": 1772874397.6049793,
  "lib/core/database/tables/product_modifiers_table.dart": 1772874395.0281925,
  "lib/core/database/tables/categories_table.dart": 1772874364.437892,
  "lib/core/database/tables/returns_table.dart": 1772874410.9520361,
  "lib/core/database/connection/web.dart": 1772882426.8562047,
  "lib/core/database/connection/native.dart": 1772880935.9850614,
  "lib/core/database/daos/orders_dao.g.dart": 1778574826.7360504,
  "lib/core/database/daos/tax_dao.g.dart": 1778574826.7362096,
  "lib/core/database/daos/customers_dao.g.dart": 1778574826.7358754,
  "lib/core/database/daos/audit_dao.g.dart": 1778574826.7358177,
  "lib/core/database/daos/tables_dao.g.dart": 1778574826.7361567,
  "lib/core/database/daos/tax_dao.dart": 1776878244.6753075,
  "lib/core/database/daos/products_dao.dart": 1776876159.568962,
  "lib/core/database/daos/audit_dao.dart": 1772874480.6052556,
  "lib/core/database/daos/expenses_dao.dart": 1773847105.6805992,
  "lib/core/database/daos/customers_dao.dart": 1773846530.3170142,
  "lib/core/database/daos/tables_dao.dart": 1777535788.2587628,
  "lib/core/database/daos/products_dao.g.dart": 1778574826.7361023,
  "lib/core/database/daos/orders_dao.dart": 1776886756.497739,
  "lib/core/database/daos/inventory_dao.g.dart": 1778574826.735989,
  "lib/core/database/daos/expenses_dao.g.dart": 1778574826.7359326,
  "lib/core/database/daos/inventory_dao.dart": 1772874465.1430464,
  "lib/core/providers/database_provider.dart": 1772874496.3002532,
  "lib/core/providers/hive_provider.dart": 1776878868.8422105,
  "lib/core/providers/audit_service_provider.dart": 1772879448.5285254,
  "lib/core/utils/currency_formatter.dart": 1772874527.5940795,
  "lib/core/utils/tax_calculator.dart": 1772874522.8412163,
  "lib/core/utils/async_feedback.dart": 1776877351.9416468,
  "lib/core/utils/string_utils.dart": 1773224146.599194,
  "lib/core/theme/tron_border.dart": 1772990678.0591478,
  "lib/core/theme/app_theme.dart": 1776879207.5676606,
  "lib/core/services/audit_service.dart": 1776877843.791651,
  "lib/core/services/demo_data_service.dart": 1776894403.568265,
  "lib/core/widgets/step_button.dart": 1776878877.889036,
  "lib/core/widgets/customer_avatar.dart": 1773224150.2292936,
  "lib/core/widgets/summary_row.dart": 1776885638.7624612,
  "lib/core/widgets/app_empty_state.dart": 1776878856.6846168,
  "lib/features/customers/domain/customers_provider.dart": 1773118562.1634235,
  "lib/features/customers/presentation/customers_screen.dart": 1776879041.2941363,
  "lib/features/receipts/domain/receipt_text.dart": 1776878391.6127956,
  "lib/features/receipts/presentation/receipt_screen.dart": 1777536351.5473592,
  "lib/features/receipts/presentation/receipt_body.dart": 1778574766.721058,
  "lib/features/receipts/presentation/receipt_pdf_service.dart": 1778574786.703268,
  "lib/features/settings/presentation/store_profile_edit_screen.dart": 1772988519.689932,
  "lib/features/settings/presentation/settings_screen.dart": 1776879033.041087,
  "lib/features/tables/domain/tables_provider.dart": 1777535952.9703884,
  "lib/features/tables/presentation/tables_screen.dart": 1777537272.6325727,
  "lib/features/side_nav/presentation/side_nav.dart": 1777536412.0581007,
  "lib/features/products/domain/products_provider.dart": 1776878072.5337975,
  "lib/features/products/domain/favorites_provider.dart": 1776869614.1685383,
  "lib/features/products/presentation/categories_screen.dart": 1776879337.8180935,
  "lib/features/products/presentation/products_screen.dart": 1776878919.597388,
  "lib/features/products/presentation/product_form_screen.dart": 1776686909.6927454,
  "lib/features/expenses/presentation/expenses_screen.dart": 1778072988.9766867,
  "lib/features/printing/domain/render_receipt.dart": 1778574803.8318703,
  "lib/features/printing/domain/auto_print.dart": 1777536363.5163376,
  "lib/features/printing/domain/print_receipt.dart": 1776878919.6909676,
  "lib/features/printing/presentation/printer_setup_screen.dart": 1776878977.5877433,
  "lib/features/tax/presentation/tax_settings_screen.dart": 1772889114.7497313,
  "lib/features/audit/presentation/audit_log_screen.dart": 1772889136.0015562,
  "lib/features/theme/presentation/theme_notifier.dart": 1772874575.4586112,
  "lib/features/theme/presentation/theme_preview_screen.dart": 1772874584.664164,
  "lib/features/inventory/presentation/inventory_screen.dart": 1776878978.3567736,
  "lib/features/cart/domain/cart_notifier.dart": 1777535996.1602364,
  "lib/features/cart/domain/pos_filter_provider.dart": 1776869632.999609,
  "lib/features/cart/domain/held_orders_notifier.dart": 1777536056.5565152,
  "lib/features/cart/domain/place_order.dart": 1778574740.7445173,
  "lib/features/cart/domain/held_order.dart": 1777536039.0073724,
  "lib/features/cart/domain/cart_item.dart": 1772878356.9117372,
  "lib/features/cart/presentation/home.dart": 1778072988.976145,
  "lib/features/cart/presentation/cart_detail_screen.dart": 1777536261.2645826,
  "lib/features/cart/presentation/payment_screen.dart": 1776885594.8809733,
  "lib/features/cart/presentation/widgets/grid_product_tile.dart": 1776879267.0760043,
  "lib/features/cart/presentation/widgets/checkout_bar.dart": 1778584726.9031236,
  "lib/features/cart/presentation/widgets/product_tile.dart": 1776879195.8532941,
  "lib/features/cart/presentation/widgets/held_tickets_bar.dart": 1777536086.6512687,
  "lib/features/returns/domain/void_order.dart": 1776877973.8244655,
  "lib/features/returns/domain/process_return.dart": 1776877951.6662521,
  "lib/features/orders/presentation/orders_screen.dart": 1776885539.6644413,
  "lib/features/orders/presentation/order_detail_screen.dart": 1777536340.0575297,
  "lib/features/backup/data/backup_repository.dart": 1773912107.1373582,
  "lib/features/backup/presentation/backup_screen.dart": 1773903919.000011,
  "lib/features/onboarding/data/country_repository.dart": 1772875286.6354125,
  "lib/features/onboarding/domain/onboarding_state.dart": 1772876283.3715992,