{
  "lib/main.dart": 1776875837.613819,
  "lib/app.dart": 1776874313.2148256,
  "lib/core/database/app_database.dart": 1776875152.7378855,
  "lib/core/database/app_database.g.dart": 1776878283.0734713,
  "lib/core/database/tables/product_variants_table.dart": 1772874392.1247141,
  "lib/core/database/tables/order_items_table.dart": 1772874401.8650796,
  "lib/core/database/tables/products_table.dart": 1776871157.5634367,
  "lib/core/database/tables/tax_groups_table.dart": 1772874358.1197147,
  "lib/core/database/tables/expenses_table.dart": 1772874414.1785924,
  "lib/core/database/tables/tax_rates_table.dart": 1772874356.373924,
  "lib/core/database/tables/order_taxes_table.dart": 1772874404.835032,
  "lib/core/database/tables/orders_table.dart": 1772874389.06462,
  "lib/core/database/tables/customers_table.dart": 1772982610.596692,
  "lib/core/database/tables/audit_log_table.dart": 1772874374.406061,
  "lib/core/database/tables/stock_adjustments_table.dart": 1772874416.4884605,
  "lib/core/database/tables/tax_group_members_table.dart": 1772874360.4598095,
  "lib/core/database/tables/expense_categories_table.dart": 1772874369.4272788,
  "lib/core/database/tables/order_tax_override_table.dart": 1772874407.971602,
  "lib/core/database/tables/product_components_table.dart": 1776877722.410839,
  "lib/core/database/tables/product_taxes_table.dart": 1772874397.6049793,
  "lib/core/database/tables/product_modifiers_table.dart": 1772874395.0281925,
  "lib/core/database/tables/categories_table.dart": 1772874364.437892,
  "lib/core/database/tables/returns_table.dart": 1772874410.9520361,
  "lib/core/database/connection/web.dart": 1772882426.8562047,
  "lib/core/database/connection/native.dart": 1772880935.9850614,
  "lib/core/database/daos/orders_dao.g.dart": 1776878283.0752487,
  "lib/core/database/daos/tax_dao.g.dart": 1776878283.07696,
  "lib/core/database/daos/customers_dao.g.dart": 1776878283.074181,
  "lib/core/database/daos/audit_dao.g.dart": 1776878283.0736818,
  "lib/core/database/daos/tax_dao.dart": 1776878244.6753075,
  "lib/core/database/daos/products_dao.dart": 1776876159.568962,
  "lib/core/database/daos/audit_dao.dart": 1772874480.6052556,
  "lib/core/database/daos/expenses_dao.dart": 1773847105.6805992,
  "lib/core/database/daos/customers_dao.dart": 1773846530.3170142,
  "lib/core/database/daos/products_dao.g.dart": 1776878283.0764143,
  "lib/core/database/daos/orders_dao.dart": 1776878235.75931,
  "lib/core/database/daos/inventory_dao.g.dart": 1776878283.0751264,
  "lib/core/database/daos/expenses_dao.g.dart": 1776878283.0745614,
  "lib/core/database/daos/inventory_dao.dart": 1772874465.1430464,
  "lib/core/providers/database_provider.dart": 1772874496.3002532,
  "lib/core/providers/hive_provider.dart": 1776875855.3909452,
  "lib/core/providers/audit_service_provider.dart": 1772879448.5285254,
  "lib/core/utils/currency_formatter.dart": 1772874527.5940795,
  "lib/core/utils/tax_calculator.dart": 1772874522.8412163,
  "lib/core/utils/async_feedback.dart": 1776877351.9416468,
  "lib/core/utils/string_utils.dart": 1773224146.599194,
  "lib/core/theme/tron_border.dart": 1772990678.0591478,
  "lib/core/theme/app_theme.dart": 1776875027.0374372,
  "lib/core/services/audit_service.dart": 1776877843.791651,
  "lib/core/services/demo_data_service.dart": 1773145995.6775892,
  "lib/core/widgets/customer_avatar.dart": 1773224150.2292936,
  "lib/features/customers/domain/customers_provider.dart": 1773118562.1634235,
  "lib/features/customers/presentation/customers_screen.dart": 1776877409.3102894,
  "lib/features/receipts/domain/receipt_text.dart": 1776878391.6127956,
  "lib/features/receipts/presentation/receipt_screen.dart": 1776878415.0804102,
  "lib/features/receipts/presentation/receipt_body.dart": 1776878316.4663885,
  "lib/features/receipts/presentation/receipt_pdf_service.dart": 1776878452.2650816,
  "lib/features/settings/presentation/store_profile_edit_screen.dart": 1772988519.689932,
  "lib/features/settings/presentation/settings_screen.dart": 1776875283.4525332,
  "lib/features/side_nav/presentation/side_nav.dart": 1772994095.1048796,
  "lib/features/products/domain/products_provider.dart": 1776878072.5337975,
  "lib/features/products/domain/favorites_provider.dart": 1776869614.1685383,
  "lib/features/products/presentation/categories_screen.dart": 1773117716.8894222,
  "lib/features/products/presentation/products_screen.dart": 1776872643.306043,
  "lib/features/products/presentation/product_form_screen.dart": 1776686909.6927454,
  "lib/features/expenses/presentation/expenses_screen.dart": 1776877479.4085538,
  "lib/features/tax/presentation/tax_settings_screen.dart": 1772889114.7497313,
  "lib/features/audit/presentation/audit_log_screen.dart": 1772889136.0015562,
  "lib/features/theme/presentation/theme_notifier.dart": 1772874575.4586112,
  "lib/features/theme/presentation/theme_preview_screen.dart": 1772874584.664164,
  "lib/features/inventory/presentation/inventory_screen.dart": 1776877582.455749,
  "lib/features/cart/domain/cart_notifier.dart": 1773118525.8642898,
  "lib/features/cart/domain/pos_filter_provider.dart": 1776869632.999609,
  "lib/features/cart/domain/held_orders_notifier.dart": 1773321341.140594,
  "lib/features/cart/domain/place_order.dart": 1776877862.5197372,
  "lib/features/cart/domain/held_order.dart": 1773321310.5598257,
  "lib/features/cart/domain/cart_item.dart": 1772878356.9117372,
  "lib/features/cart/presentation/home.dart": 1776874018.7409217,
  "lib/features/cart/presentation/cart_detail_screen.dart": 1776878196.756999,
  "lib/features/cart/presentation/payment_screen.dart": 1776878260.9600234,
  "lib/features/cart/presentation/widgets/grid_product_tile.dart": 1776878058.173432,
  "lib/features/cart/presentation/widgets/checkout_bar.dart": 1774426595.737761,
  "lib/features/cart/presentation/widgets/product_tile.dart": 1776878071.8044212,
  "lib/features/cart/presentation/widgets/held_tickets_bar.dart": 1773321410.087127,
  "lib/features/returns/domain/void_order.dart": 1776877973.8244655,
  "lib/features/returns/domain/process_return.dart": 1776877951.6662521,
  "lib/features/orders/presentation/orders_screen.dart": 1776878512.3018475,
  "lib/features/orders/presentation/order_detail_screen.dart": 1776878465.2002995,
  "lib/features/backup/data/backup_repository.dart": 1773912107.1373582,
  "lib/features/backup/presentation/backup_screen.dart": 1773903919.000011,
  "lib/features/onboarding/data/country_repository.dart": 1772875286.6354125,
  "lib/features/onboarding/domain/onboarding_state.dart": 1772876283.3715992,
  "lib/features/onboarding/domain/country_default.dart": 1772875286.632517,
  "lib/features/onboarding/presentation/onboarding_notifier.dart": 1772882896.9227808,
  "lib/features/onboarding/presentation/onboarding_screen.dart": 1772882926.3070502,
  "lib/features/help/presentation/shortcuts_screen.dart": 1776689235.1624198,
  "lib/features/help/presentation/support_screen.dart": 1773845402.0202346,
  "lib/features/help/presentation/learn_screen.dart": 1773846107.7807865,
  "lib/features/help/presentation/article_detail_screen.dart": 1773846025.417885,
  "lib/features/reports/presentation/dashboard_screen.dart": 1776875255.4472451
}